theta_mean,theta_median,theta_std,theta_var,theta_fft,alpha_low_mean,alpha_low_median,alpha_low_std,alpha_low_var,alpha_low_fft,alpha_high_mean,alpha_high_median,alpha_high_std,alpha_high_var,alpha_high_fft,beta_mean,beta_median,beta_std,beta_var,beta_fft,gamma_mean,gamma_median,gamma_std,gamma_var,gamma_fft,state
6.623120714890293e-13,6.406920318400008e-13,4.261387351539926e-13,1.8159422159864466e-25,(8.671082424465284e-13+0j),3.683363225803119e-13,3.420652439987237e-13,2.5342919214989226e-13,6.422635543374702e-26,(3.802113197636636e-13+0j),1.8635008863584637e-13,1.4983485265249751e-13,6.900447189918047e-14,4.761617142084787e-27,(6.957115859115269e-14+0j),2.583853056197393e-13,2.451133467837148e-13,1.0772041570282141e-13,1.1603687959188655e-26,(2.50593722682576e-13+0j),1.5396212522471153e-13,1.8075239643501275e-13,6.108561009534984e-14,3.731451760721105e-27,(5.656839392131677e-14+0j),bored
2.6140054222791823e-12,2.279327230431692e-12,1.2682536549054844e-12,1.6084673331811194e-24,(4.2779594350081585e-12+0j),1.893095847223233e-12,2.0206303765574206e-12,1.1519065500954712e-12,1.3268887001528501e-24,(3.075765443119749e-12+0j),1.0471960205264099e-12,9.378357662425086e-13,7.67778415774115e-13,5.894836957286098e-25,(1.414258750321886e-12+0j),3.4796145973441164e-13,2.50593722682576e-13,2.314066130011041e-13,5.354902054064276e-26,(2.122646560941226e-13+0j),1.4688700331837256e-13,1.4812367614154464e-13,5.338129025430857e-14,2.8495621492147393e-27,(6.30491552155199e-14+0j),bored
4.4273455188052043e-13,2.637326718937005e-13,4.933926430164258e-13,2.4343630018273414e-25,(2.0873872081918374e-12+0j),4.704739376223689e-13,2.366943516397088e-13,4.765274483883334e-13,2.2707840906749574e-25,(1.9586417004175348e-12+0j),3.5364887829059286e-13,2.369973568257365e-13,2.277684541781806e-13,5.187846871871796e-26,(9.396206858038427e-13+0j),2.10706306316214e-13,1.9430864323155873e-13,9.363862129935884e-14,8.768191398844738e-27,(2.3210599550197446e-13+0j),1.5603322701110625e-13,1.0862137693949477e-13,1.033129440808961e-13,1.0673564414662364e-26,(1.6174148215767348e-13+0j),bored
6.090800709064767e-13,1.544743761747624e-13,9.839397008912923e-13,9.681373349900459e-25,(1.1089087137377242e-13+0j),3.305412853361855e-13,1.9580680787459706e-13,4.1662057569700864e-13,1.7357270409410692e-25,(1.9580680787459706e-13+0j),2.243435116870502e-13,1.5503117871679729e-13,1.7629036752561301e-13,3.1078293682315714e-26,(1.748146793626458e-13+0j),1.673703663618533e-13,1.249059104634378e-13,7.77128479682765e-14,6.039286739340458e-27,(8.822486324891937e-14+0j),1.25263374079294e-13,1.1939744307248285e-13,4.138058740429463e-14,1.7123530139244676e-27,(1.7781007867262077e-13+0j),bored
2.6580502912269267e-13,1.1607245008852628e-13,3.656450178535489e-13,1.336962790811221e-25,(1.5841952608806502e-13+0j),1.8808219095429502e-13,1.2425091098349826e-13,1.208266016444772e-13,1.459906766495318e-26,(1.0380336538600432e-13+0j),1.24547277941322e-13,1.0890644653711862e-13,9.611296189701717e-14,9.237701444617474e-27,(3.2148012583016985e-14+0j),1.8082099994782563e-13,1.6491633074811934e-13,1.1179223741149094e-13,1.2497504345467156e-26,(1.6491633074811934e-13+0j),1.5718149746550353e-13,1.1876369688692768e-13,1.0888558962243495e-13,1.1856071627425316e-26,(1.3334109747672194e-13+0j),bored
1.0096235538002664e-13,7.837871898738103e-14,6.194621836806152e-14,3.837333970103563e-27,(1.3654265689487595e-13+0j),9.630319294380736e-14,9.174092173996102e-14,5.4444046855767515e-14,2.9641542380330083e-27,(1.678827157361351e-13+0j),8.224525065618344e-14,5.647095127812145e-14,5.998606197796514e-14,3.598327631624275e-27,(1.2701287954348818e-13+0j),1.9006401374316723e-13,1.912130824548211e-13,5.970826009657294e-14,3.565076323760003e-27,(7.194380056583357e-14+0j),1.2663780286011033e-13,1.3574725424412057e-13,2.806213707855953e-14,7.8748353741586555e-28,(1.1970970436850965e-13+0j),bored
1.917243837924607e-13,1.68428393322105e-13,1.4668026913303866e-13,2.1515101352940654e-26,(7.046849987769882e-15+0j),1.27596928335794e-13,1.1813221756804793e-13,6.964264977215831e-14,4.850098667287503e-27,(5.569114290656255e-14+0j),8.637306764028488e-14,6.283819201852422e-14,4.1348509259817706e-14,1.7096992180092303e-27,(5.608513935739959e-14+0j),1.573029241276086e-13,1.6403646895044073e-13,6.201036458737404e-14,3.845285316259053e-27,(1.6451200671137437e-13+0j),1.2320829658417078e-13,1.2109211387559888e-13,2.0622898724736886e-14,4.253039518107543e-28,(1.3843274047808604e-13+0j),bored
9.902878500802686e-14,9.141897195868382e-14,4.921646943262302e-14,2.4222608634123164e-27,(2.8274583458467736e-14+0j),1.0442534670286821e-13,9.36652674581301e-14,3.7130797475256936e-14,1.378696121148547e-27,(6.797734499681179e-14+0j),1.0846944218521826e-13,9.161386178320768e-14,6.59984909672162e-14,4.355800809949718e-27,(9.161386178320768e-14+0j),1.1143444492415482e-13,1.1244077324315281e-13,2.9101048065380386e-14,8.468709985035794e-28,(1.7623847183242947e-13+0j),6.918152359044757e-14,4.5893702978474715e-14,4.6909442131081797e-14,2.200495761049312e-27,(4.693884291454814e-14+0j),bored
1.5117375952658764e-13,1.120590346613824e-13,1.3966368872987685e-13,1.9505945949635932e-26,(6.088394787438912e-13+0j),1.1616962777720025e-13,1.0436720578581336e-13,3.381158221133105e-14,1.143223091633598e-27,(2.43071814151673e-13+0j),1.0366063562744849e-13,1.1226521229679748e-13,3.069989482257006e-14,9.42483542116864e-28,(1.1429257741320617e-13+0j),1.4128322876658913e-13,1.383365852959439e-13,4.986543751333904e-14,2.4865618583967205e-27,(2.276097315936261e-13+0j),9.380150203660466e-14,9.041758217564913e-14,4.5332018926640755e-14,2.054991939965316e-27,(1.6638884817542105e-13+0j),bored
3.955699000615826e-13,3.1531806556970477e-13,2.716316152794585e-13,7.378373441932776e-26,(1.5376543797023458e-12+0j),2.7150677158273254e-13,2.3626800507447585e-13,2.473439398670394e-13,6.11790245889496e-26,(1.1877651378130446e-12+0j),1.6980965014707552e-13,1.5278195494275704e-13,1.320604451861709e-13,1.743996118276965e-26,(4.034125580540699e-13+0j),1.5083173566282226e-13,1.4895698500398026e-13,3.785222416423411e-14,1.4327908741794283e-27,(6.902494748133464e-14+0j),1.347383283484797e-13,1.3148357747199756e-13,3.003806769011719e-14,9.022855105560624e-28,(9.350834369528327e-14+0j),bored
1.5409328340396844e-12,1.7800709741891892e-12,7.486812487222057e-13,5.605236121882412e-25,(1.1008428685687348e-13+0j),5.341911698020263e-13,5.556254187534023e-13,2.141175914677031e-13,4.58463429759302e-26,(2.0635561841773341e-13+0j),1.9573435874811252e-13,1.44048614671655e-13,1.197077703391857e-13,1.4329950279579226e-26,(2.524411632963696e-13+0j),1.54546856771253e-13,1.5146267755782123e-13,4.270325377219805e-14,1.8235678827327465e-27,(1.7045884625755683e-13+0j),1.2644143067813825e-13,1.3009195401259064e-13,2.1903519725948555e-14,4.797641763850174e-28,(1.4129941594123753e-13+0j),bored
1.5523324009063818e-13,1.1097241322816124e-13,1.0775808445640421e-13,1.1611804765713545e-26,(5.129644303533743e-14+0j),1.3548621096364858e-13,9.506630005485689e-14,9.05305088270662e-14,8.19577302848751e-27,(1.2875116539770355e-13+0j),8.458095693660963e-14,7.773885397709515e-14,6.058802597638909e-14,3.6709088917156e-27,(1.0597610289232183e-13+0j),1.6473153602180987e-13,1.6828056022746868e-13,8.250287371215833e-14,6.806724170764345e-27,(1.9549956444371121e-13+0j),1.0715635148408076e-13,9.806168409004554e-14,3.180210512086186e-14,1.011373890118348e-27,(7.249547359089391e-14+0j),bored
2.4386110617189284e-13,2.788790923819302e-13,1.58706098113144e-13,2.518762557829889e-26,(1.088613943080399e-13+0j),3.462497372882122e-13,2.4942080849039306e-13,2.839212059166432e-13,8.061125116916091e-26,(1.7372402294183094e-13+0j),3.293481527031468e-13,1.7240134081761032e-13,3.0923753926288904e-13,9.562785568936683e-26,(2.2362835091459211e-13+0j),1.837116801765213e-13,1.763867839773043e-13,6.394113017339584e-14,4.088468127851152e-27,(1.6091317837345636e-13+0j),1.2371651145592008e-13,1.260851224579588e-13,4.273064830155614e-14,1.8259083042712827e-27,(1.0646654946320383e-13+0j),bored
3.0403616686320763e-13,2.360421758992233e-13,2.737957039368178e-13,7.496408749425758e-26,(2.8243830633193555e-13+0j),3.17751219243859e-13,1.7470153621439808e-13,4.1210930983748207e-13,1.698340832547258e-25,(1.3854857340906436e-13+0j),1.73496997263642e-13,1.2809283395464938e-13,1.5607410920754508e-13,2.4359127564928713e-26,(1.4656505049956614e-13+0j),2.0675230297052596e-13,1.9210866992099739e-13,6.75321742490536e-14,4.5605945588045386e-27,(2.2020330460560591e-13+0j),9.86968244272839e-14,9.664986599691078e-14,4.021732056581907e-14,1.6174328734938534e-27,(1.8881946087999932e-13+0j),bored
2.2742901581850985e-12,2.5719583097319626e-12,1.7008587523712521e-12,2.8929204955178925e-24,(2.9162765620815124e-13+0j),1.1494197276069276e-12,7.024732793108731e-13,1.1642212114466662e-12,1.3554110291823432e-24,(1.5196628677735049e-13+0j),4.794977795538839e-13,2.488052706547621e-13,4.588212946992829e-13,2.1051698046952627e-25,(7.720719060463852e-14+0j),2.7681454633871676e-13,2.5831547727501115e-13,1.3012514987844956e-13,1.6932554630888958e-26,(5.188985855071138e-14+0j),1.8449415054282531e-13,2.1004220949741657e-13,8.682589228361535e-14,7.538735570845975e-27,(2.996357405188301e-14+0j),bored
1.7460859371684894e-12,1.343086867262174e-12,1.5744755178619513e-12,2.47897315634666e-24,(1.5014160047128827e-12+0j),9.057375859853899e-13,6.568603949439221e-13,1.3387292844052688e-12,1.7921960969242432e-24,(9.737966464700706e-13+0j),8.093031599299942e-13,8.33496408866321e-13,7.529393207436143e-13,5.669176207218552e-25,(2.8966043455809954e-13+0j),3.360264450356872e-13,2.1432729323212638e-13,3.723060189925622e-13,1.386117717780901e-25,(2.1432729323212638e-13+0j),1.3341784481958057e-13,1.1638206927588092e-13,9.238804550165388e-14,8.535550951615668e-27,(5.977905550238854e-14+0j),bored
2.269155823619298e-12,1.7222733402239005e-12,1.7090455817754866e-12,2.9208368005863112e-24,(2.1816833748247983e-13+0j),1.3409981486458518e-12,6.339813134084169e-13,1.2637612761781465e-12,1.5970925631674173e-24,(2.4375217457764543e-13+0j),7.9500233935892e-13,2.7274230933583703e-13,8.960799410604559e-13,8.029592607709101e-25,(1.7904670338101457e-13+0j),3.533882521475933e-13,2.8784870068503953e-13,1.4553880694733842e-13,2.118154432765464e-26,(7.147071845320139e-13+0j),2.799787549756486e-13,2.4794107387809476e-13,1.5042039628106496e-13,2.262629561735262e-26,(5.52529297292037e-13+0j),bored
7.345434736781746e-13,5.305018611147013e-13,5.736051900550341e-13,3.2902291405807175e-25,(9.132237160100072e-14+0j),3.5106689808642965e-13,2.9999208901245614e-13,1.6908635804243085e-13,2.859019647605312e-26,(1.7536656870204584e-14+0j),3.2009709732597626e-13,2.977916891862481e-13,1.315250038874084e-13,1.7298826647582798e-26,(1.582743280009792e-13+0j),3.6956071074685617e-13,3.400230404724567e-13,1.738994782415296e-13,3.0241028532676227e-26,(3.185396913020484e-13+0j),4.74570223835048e-13,4.847905732856611e-13,1.8923415239336846e-13,3.58095644320366e-26,(2.919741142371717e-13+0j),bored
9.575795738630822e-14,8.944085648061138e-14,4.434193859084995e-14,1.9662075179947075e-27,(6.972794031044532e-14+0j),8.087969000645352e-14,7.252365989686626e-14,5.676231038952863e-14,3.22195988075719e-27,(1.8138950939897856e-13+0j),1.0817682336188461e-13,9.618645590705599e-14,4.033361729054585e-14,1.626800683740219e-27,(1.1801586943218318e-13+0j),2.5973096959099545e-13,2.7726218386860893e-13,1.1601585405333707e-13,1.3459678391725208e-26,(4.637154421720878e-13+0j),1.3651188096156766e-13,1.0843466613324008e-13,7.166027647242923e-14,5.135195224104993e-27,(1.4456730779095586e-13+0j),bored
2.1642726454633066e-13,1.9907518215547867e-13,9.325467537830287e-14,8.696434479912649e-27,(3.152907740464404e-13+0j),1.789936826277504e-13,1.6650017704994238e-13,8.68588118353502e-14,7.544453193448772e-27,(3.2184871147115923e-13+0j),9.483308839827642e-14,7.98903488506347e-14,4.5103487610177557e-14,2.0343245946014402e-27,(1.8576311614678044e-13+0j),2.8073575842382994e-13,2.703522434896343e-13,9.186471703961215e-14,8.439126236768008e-27,(7.61992354002233e-14+0j),2.1842980072843206e-13,2.1563339126506248e-13,6.613811760614828e-14,4.3742506004847005e-27,(1.5723578066674183e-13+0j),bored
1.0753860921502539e-13,1.1203101248640159e-13,6.87609797467246e-14,4.728072335729471e-27,(2.164423219776508e-13+0j),1.0425257245845194e-13,8.623987569688862e-14,6.501601488263069e-14,4.227082191218455e-27,(7.501070814923845e-14+0j),8.017015240291916e-14,7.110527057416225e-14,3.811775090526361e-14,1.452962934075725e-27,(5.3064083994517145e-14+0j),2.0775961405812514e-13,1.8471549175062456e-13,8.228053371853523e-14,6.770086229007013e-27,(3.172003109755617e-13+0j),1.5702971345931115e-13,1.488234875322822e-13,5.20155422363251e-14,2.70561663413892e-27,(1.2242594275760848e-13+0j),bored
6.09740936126117e-13,2.1680596658227597e-13,6.741510412768784e-13,4.544796264546995e-25,(1.103010164144691e-12+0j),2.7384093556664764e-13,8.2443563872091e-14,3.7327265940230964e-13,1.3933247825727266e-25,(9.454549852128113e-13+0j),2.2695108241505082e-13,1.3978467304054242e-13,2.057703195095282e-13,4.234142439105332e-26,(8.183470043010567e-13+0j),2.2405566921656314e-13,2.05947570731604e-13,9.094219501092256e-14,8.270482833404668e-27,(2.5513999520486005e-13+0j),1.4164511360077614e-13,1.4865513604739849e-13,6.839611353684461e-14,4.678028346944939e-27,(2.7638839071461003e-13+0j),bored
2.847607215522312e-13,1.6404136492444957e-13,2.607810626724067e-13,6.800676264854971e-26,(9.904314956877825e-14+0j),2.448413641767294e-13,1.1639264732282948e-13,2.611749122019305e-13,6.821233476368609e-26,(5.900845011386381e-14+0j),1.971983824060376e-13,1.0125276260112168e-13,2.2285222626255484e-13,4.966311475017694e-26,(6.48227369283922e-14+0j),1.433070614864987e-13,1.4536602230716054e-13,4.600530004072544e-14,2.1164876318371724e-27,(1.9022648977298052e-13+0j),1.6859799964128267e-13,1.4879796325913505e-13,4.157911823258057e-14,1.7288230729989143e-27,(1.4440545706050083e-13+0j),bored
4.809266074852508e-14,4.401247768423905e-14,2.2000961341161438e-14,4.840422999352801e-28,(1.8183805982960006e-14+0j),5.861324980889266e-14,6.558895644779496e-14,2.667527282547379e-14,7.115701803134605e-28,(1.5274951928500288e-14+0j),7.530342380544743e-14,6.426250488695909e-14,3.6913389148105725e-14,1.3625982983994896e-27,(4.504388795769e-14+0j),2.692747786188808e-13,2.639930135400407e-13,6.238536444369238e-14,3.8919336967723176e-27,(2.2189241518823978e-13+0j),2.0716397784432081e-13,1.8830307878402447e-13,6.626821579079917e-14,4.3914764240959244e-27,(1.0358538495578806e-13+0j),bored
6.887517179122454e-14,5.969905199713249e-14,4.3304577610569485e-14,1.875286442029836e-27,(9.978335767349226e-14+0j),6.601510565179473e-14,6.503450053604397e-14,3.330171114418243e-14,1.1090039651305642e-27,(6.503450053604397e-14+0j),7.064523315142599e-14,5.950226396187824e-14,3.6531267783227507e-14,1.334533525849876e-27,(4.110824014719696e-14+0j),1.5973901873200662e-13,1.5114945125282815e-13,6.334939351290165e-14,4.0131456584524664e-27,(1.4195151179895755e-13+0j),1.8136674652362836e-13,1.760803648999033e-13,5.113465905410455e-14,2.614753356579516e-27,(1.442906642419552e-13+0j),bored
2.215666030168973e-13,7.818228030471956e-14,3.1350401954805377e-13,9.828477027278648e-26,(1.2413560809243051e-13+0j),1.6332105655969698e-13,7.921529475217807e-14,1.9667860031581624e-13,3.868247182218859e-26,(6.82639673098932e-14+0j),1.1778412132339838e-13,8.342421420809839e-14,8.553279808280495e-14,7.315859547873884e-27,(1.223419565468392e-13+0j),2.3182137618600166e-13,2.3968708243400494e-13,7.314852528178468e-14,5.3507067508998914e-27,(1.582857182663384e-13+0j),1.5321791032892126e-13,1.2371752215910495e-13,9.044924569034438e-14,8.181066045952282e-27,(2.620992618636377e-13+0j),bored
1.5383327848715815e-13,1.394647418507543e-13,6.140509275806096e-14,3.770585416626071e-27,(1.3573338562504924e-13+0j),8.806547083804964e-14,6.47794897756835e-14,6.232493385923896e-14,3.88439738055851e-27,(1.2388947803390935e-13+0j),9.142211318989881e-14,6.054865257911696e-14,5.5170239240516553e-14,3.0437552978558324e-27,(1.2996060264338777e-13+0j),1.720395527802071e-13,1.623666245650537e-13,5.312469782890182e-14,2.8222335194121257e-27,(1.3039379735359566e-13+0j),1.8505629509735648e-13,1.7597708517692384e-13,8.026674926715917e-14,6.4427510379169986e-27,(1.9800883491496652e-13+0j),bored
2.425536385303062e-13,1.272975398171695e-13,2.5189663776552315e-13,6.345191611757517e-26,(2.2715116061788144e-13+0j),2.064524059140869e-13,1.2857736786027374e-13,1.7045430679331295e-13,2.905467070438885e-26,(2.3036281270117114e-13+0j),1.83662364837984e-13,1.8878485631144174e-13,9.569096798434121e-14,9.156761353780213e-27,(3.438836894306943e-13+0j),2.627899284863102e-13,2.1872695400115595e-13,9.411671013716503e-14,8.857955127043144e-27,(2.2067377922560212e-13+0j),4.269369591465907e-13,4.0657373163999464e-13,1.6600839734506161e-13,2.755878798907586e-26,(4.74652136176549e-13+0j),bored
5.343376851977132e-13,4.672173782135313e-13,2.3290319505871476e-13,5.424389826855775e-26,(2.0941182071001926e-13+0j),4.018641804038282e-13,4.1381433110999176e-13,2.238611394016875e-13,5.011380973422176e-26,(1.6340001447385994e-13+0j),3.440585711507876e-13,3.040174127183683e-13,1.7517842397782316e-13,3.0687480227353965e-26,(1.99772858295789e-13+0j),3.65065260513312e-13,3.531875340344323e-13,1.283899464621269e-13,1.6483978352547815e-26,(2.635156701533087e-13+0j),2.9828254298338025e-13,3.162761739846077e-13,1.2289062992890704e-13,1.5102106924323583e-26,(4.384430110056712e-13+0j),bored
3.376777316968673e-13,1.615198098330865e-13,4.98142617120445e-13,2.481460669916063e-25,(2.5317228058695436e-12+0j),3.233573635922246e-13,1.4255937443779733e-13,4.067861654555533e-13,1.654749844060328e-25,(1.950760169447217e-12+0j),2.176834716818179e-13,1.8183635035316023e-13,1.5869505993900358e-13,2.5184122049043938e-26,(7.883280244862556e-13+0j),3.463432112497189e-13,3.0537828990475165e-13,1.1271813959595812e-13,1.2705378993973903e-26,(1.5202528551811947e-13+0j),5.273873981068327e-13,4.789591277715738e-13,2.0055389629741298e-13,4.0221865320073476e-26,(3.122813169570383e-13+0j),bored
6.236632973804342e-13,4.804762458330359e-13,6.503614517422556e-13,4.229700179122942e-25,(1.793839724359612e-13+0j),4.763908229887123e-13,2.8339234521249905e-13,4.968034911888115e-13,2.4681370885739147e-25,(1.7694910961223843e-13+0j),4.1225189054402936e-13,4.982435059221357e-13,3.6483793769872016e-13,1.331067207842552e-25,(1.1980443171345723e-13+0j),2.72281447064622e-13,2.4745097268995655e-13,1.0868530120437152e-13,1.1812494697884961e-26,(1.7850308060367615e-13+0j),2.496268309097634e-13,1.9216010032190808e-13,9.476222099885665e-14,8.979878528636148e-27,(1.6470215559867756e-13+0j),bored
7.773159574934884e-13,2.775832703082104e-13,8.735037004589002e-13,7.630087147153921e-25,(1.1010896208650988e-13+0j),5.421234485212319e-13,1.95737011392079e-13,5.539879357734299e-13,3.0690263298250587e-25,(1.0708170389613363e-13+0j),4.1822191575668596e-13,1.902754369740684e-13,4.2713991744247155e-13,1.8244850907276142e-25,(1.3185795741757413e-13+0j),3.057787228476086e-13,2.605307804235959e-13,1.6453327033430682e-13,2.707119704690209e-26,(2.7752413401425224e-13+0j),3.1395694119160373e-13,2.0732808108525597e-13,2.588330611833022e-13,6.699455356151906e-26,(2.234391399362178e-13+0j),bored
1.1118175429875679e-12,3.131802511827196e-13,1.2659116362134974e-12,1.6025322707007343e-24,(1.3029033350570377e-12+0j),5.774004379467772e-13,1.800771918779153e-13,5.837431349268065e-13,3.407560475741758e-25,(7.553144060777324e-13+0j),4.705702236178986e-13,2.1557971507926813e-13,4.533308177047839e-13,2.0550883028088802e-25,(5.991446863655915e-13+0j),2.646685533202743e-13,2.274604788407246e-13,1.0860319115002279e-13,1.1794653127968388e-26,(2.3980807159434264e-13+0j),2.2499702316702186e-13,2.0759544257155936e-13,8.48587163299886e-14,7.201001737173475e-27,(1.075746214626252e-13+0j),bored
1.2280445616863068e-12,5.896222299626875e-13,1.6047440082744157e-12,2.575203332092638e-24,(1.6206500175207547e-13+0j),1.1550447858570172e-12,1.1205897842643288e-12,1.1255976256600338e-12,1.2669700148915056e-24,(1.193482800896315e-13+0j),5.506601492520892e-13,4.743236382457678e-13,4.672850245296313e-13,2.183552941496581e-25,(6.67648670810148e-14+0j),2.3851455534859903e-13,2.2628649955854557e-13,7.996461251518134e-14,6.394339254703096e-27,(2.112866048663691e-13+0j),2.5669421940889586e-13,2.355713081690121e-13,1.098643730505155e-13,1.2070180465782835e-26,(2.0080146380319529e-13+0j),bored
1.8965313477892768e-13,1.372616831017233e-13,1.6571545312178857e-13,2.7461611403359706e-26,(1.1245836445137111e-13+0j),7.064873711470594e-14,7.598420423732988e-14,2.9069016308037805e-14,8.450077091169677e-28,(8.966713688401421e-14+0j),1.0516424567642402e-13,9.13816345234936e-14,6.733245783821238e-14,4.533659878534648e-27,(3.0041108887112344e-14+0j),2.6524053458439993e-13,2.112866048663691e-13,9.186287050899758e-14,8.438786978152856e-27,(2.0100855379582022e-13+0j),1.7006379996185564e-13,1.6311003624848898e-13,3.8687539355302105e-14,1.496725701368049e-27,(1.1470589052556743e-13+0j),bored
5.832251518434168e-13,5.028158306628411e-13,4.385602483358889e-13,1.9233509142043653e-25,(1.701609051009953e-12+0j),4.746113961384646e-13,3.5765577363230906e-13,3.6896874359878617e-13,1.3613793375286681e-25,(1.1949507935284123e-12+0j),3.5450626583213805e-13,2.430199543288466e-13,2.976481276469587e-13,8.859440789174023e-26,(4.559885110814039e-13+0j),2.781085275511699e-13,2.9279630991612563e-13,5.498994907328633e-14,3.023894499082624e-27,(3.282701401807907e-13+0j),1.688592086433711e-13,1.6851534241556717e-13,4.9376610106350325e-14,2.4380496255945372e-27,(2.1122058723441426e-13+0j),bored
5.633251565183987e-13,4.662553924277626e-13,3.105908058099832e-13,9.64666486536947e-26,(4.95733109855536e-13+0j),4.2381257214683113e-13,2.6311690673260054e-13,4.005338750268945e-13,1.6042738504405993e-25,(4.221786603267615e-13+0j),1.9937329794529797e-13,1.5442818542642475e-13,1.5725273635781274e-13,2.4728423092019758e-26,(1.6720648626691064e-13+0j),2.1943083354833464e-13,1.9017317405296668e-13,5.642964911036848e-14,3.1843052987193103e-27,(2.45948587091237e-13+0j),1.8026668618219978e-13,1.903514537693745e-13,6.162413864869943e-14,3.79753446419413e-27,(1.903514537693745e-13+0j),bored
1.6816842900660243e-13,1.302648122304995e-13,1.3015384009295492e-13,1.6940022090942478e-26,(1.470401530379709e-13+0j),1.1093374941196427e-13,9.879782794428378e-14,5.0690381291364435e-14,2.5695147554639095e-27,(9.102992870515184e-14+0j),8.419156423375622e-14,5.743141116482877e-14,4.5790045409625e-14,2.0967282586155194e-27,(5.743141116482877e-14+0j),2.3004707936001195e-13,2.2348223675684527e-13,7.451188191326467e-14,5.5520205462563e-27,(3.1872272961276e-13+0j),1.5308580712977715e-13,1.286455477687551e-13,6.397012904418656e-14,4.092177409929881e-27,(3.848850618358269e-13+0j),bored
1.963293788167424e-13,1.704101644979583e-13,9.059913220439108e-14,8.208202756188732e-27,(1.562195827843682e-13+0j),1.4883162275554233e-13,1.2570647358569025e-13,1.0423349523246091e-13,1.0864621528375452e-26,(1.0566546815757331e-13+0j),1.187927204967515e-13,9.015063237156368e-14,8.72344673859601e-14,7.609852300112136e-27,(1.0171095574698378e-13+0j),1.9271584038781882e-13,2.1688915926637243e-13,6.798320629188471e-14,4.621716337724954e-27,(2.42990422986986e-13+0j),1.953409135677177e-13,1.6338472979719156e-13,6.73938832432077e-14,4.541935498599111e-27,(1.60023500390198e-13+0j),bored
2.912952213633218e-12,1.6744982065109805e-12,3.102843041133573e-12,9.627634937911038e-24,(7.0818085671617715e-12+0j),2.3238709963173225e-12,2.6949189340923767e-12,1.821319987617509e-12,3.317206497295044e-24,(6.400561644454389e-12+0j),1.3355368538412214e-12,1.3519150126325827e-12,1.0961425016233474e-12,1.2015283838650902e-24,(2.9008516088282743e-12+0j),4.923059006694933e-13,4.725870322278876e-13,2.183138941490363e-13,4.7660956378516624e-26,(8.000014800671904e-13+0j),1.7026065898104965e-13,1.5973745886802505e-13,3.066059925549803e-14,9.400723467062462e-28,(2.331743712197703e-13+0j),bored
2.398198108686294e-12,1.109161637737613e-12,2.4800195051747154e-12,6.15049674604704e-24,(1.286057441494439e-12+0j),1.9051707667579305e-12,6.201235923034927e-13,2.1985108596710162e-12,4.833450000091391e-24,(5.953408480546814e-13+0j),1.2228239068852877e-12,5.352499423159119e-13,1.2909227519736912e-12,1.666481551563328e-24,(4.18221289754622e-13+0j),4.521819154994798e-13,3.449618602562047e-13,2.3683403638148497e-13,5.609036078874655e-26,(2.6324525052014267e-13+0j),2.191185665203206e-13,2.340722936971129e-13,8.139884902460613e-14,6.625772622530623e-27,(1.1571373640648117e-13+0j),bored
1.8212472176429342e-13,7.822993366051048e-14,2.945640536995968e-13,8.676798173193896e-26,(1.4869763751630983e-12+0j),1.6826002873810115e-13,9.613754669509268e-14,1.6881617224428413e-13,2.849890001121181e-26,(5.189407152432261e-13+0j),1.3418483920681937e-13,9.567516125854066e-14,1.1718217655102696e-13,1.373166250123605e-26,(9.272164281936086e-14+0j),2.0659766001250385e-13,2.1637176246235548e-13,6.632923764192516e-14,4.399567766158982e-27,(3.307868324073335e-13+0j),1.9314413370305864e-13,1.597857961788256e-13,9.882892344940062e-14,9.767156110167488e-27,(4.89184198099401e-13+0j),bored
2.535703681156919e-13,8.203840302934226e-14,4.0214918005843334e-13,1.6172396302167025e-25,(8.226364597759416e-14+0j),2.0619657050849044e-13,1.136775481382773e-13,2.41056914612065e-13,5.81084360822884e-26,(3.0745691003607434e-13+0j),1.0194908934621755e-13,1.094974219273463e-13,6.825856627671328e-14,4.659231870152459e-27,(1.1918314399073942e-13+0j),2.927496289756389e-13,2.990496698252535e-13,1.4187726083919044e-13,2.0129157143231685e-26,(4.43689755248179e-13+0j),3.0416486484099133e-13,2.0770159739708622e-13,1.7173877715772063e-13,2.9494207579629226e-26,(4.55924333446939e-13+0j),bored
3.4030121416410333e-13,1.7032824568641112e-13,3.313673691014957e-13,1.0980433330524687e-25,(3.3306506316387827e-13+0j),3.8177353772823245e-13,2.524352780115661e-13,3.8296464182386044e-13,1.466619168872777e-25,(1.8723535098590428e-13+0j),2.947290054693074e-13,2.989175979109574e-13,2.0952029530676882e-13,4.389875414543561e-26,(2.2183999837110837e-13+0j),3.1376757667022346e-13,3.166158935927305e-13,9.555468737014741e-14,9.13069827840661e-27,(3.7170590855143245e-13+0j),2.1678284150105436e-13,1.7152815246592822e-13,1.037661592587381e-13,1.0767415807309797e-26,(1.554324614894103e-13+0j),bored
2.8320906254451107e-13,2.1111040857788017e-13,2.349496916548497e-13,5.520135760870895e-26,(4.176070554373217e-14+0j),2.533368803455749e-13,1.2862519354621924e-13,2.57598797614175e-13,6.635714053226867e-26,(5.510981435249805e-14+0j),1.6241796017048578e-13,9.736834612786814e-14,1.5788710958093674e-13,2.4928339371822724e-26,(2.1350507075077554e-14+0j),2.1441921147906776e-13,1.613504908286496e-13,1.2790646180409302e-13,1.6360062971241906e-26,(9.37366660331539e-14+0j),2.301358983358392e-13,2.4868926236394555e-13,8.843045411243491e-14,7.819945214531457e-27,(3.9321770118541686e-13+0j),bored
2.8870589484479347e-13,1.5534956000301324e-13,3.3437243435667117e-13,1.1180492485760636e-25,(3.253571117853896e-14+0j),2.006267148768572e-13,1.5409466481736246e-13,1.896340442183926e-13,3.5961070726623276e-26,(9.584706831691884e-14+0j),1.5943990455554813e-13,1.1698794196705297e-13,1.0482568020968579e-13,1.0988423231423313e-26,(1.6625635227119043e-13+0j),1.8575228635296383e-13,2.1138964972080188e-13,6.475809472242263e-14,4.193610832078263e-27,(2.0882313401109254e-13+0j),1.430921442522746e-13,1.4815197517897354e-13,5.025030049524709e-14,2.52509269986263e-27,(1.4382588067012963e-13+0j),bored
8.389984086256896e-14,9.078428511642322e-14,5.4227029447477125e-14,2.9405707226975514e-27,(1.421669335671671e-14+0j),9.524151821128465e-14,8.395723965750951e-14,4.8059780526662714e-14,2.309742504270989e-27,(3.495297961645859e-14+0j),6.131358893916215e-14,6.780116719038433e-14,2.5830885118748536e-14,6.672346260179846e-28,(3.50470252972041e-14+0j),1.2524593520538366e-13,1.154110994804098e-13,4.7039835658476636e-14,2.21274613877649e-27,(1.154110994804098e-13+0j),1.0629458630177827e-13,9.76579517548783e-14,3.1992926327724944e-14,1.023547335011236e-27,(9.76579517548783e-14+0j),bored
9.80120897748437e-14,8.42118336141632e-14,5.795374119696799e-14,3.358636118725145e-27,(1.4009286985216026e-13+0j),6.89530226652712e-14,7.565615956051166e-14,2.0120013262237368e-14,4.048149336726076e-28,(8.150000723743311e-14+0j),7.745065522320316e-14,7.726517198257609e-14,3.165951126083508e-14,1.0023246532749431e-27,(8.067736402454381e-14+0j),1.832040628775414e-13,1.8048006404570614e-13,7.415724611769766e-14,5.4992971517607846e-27,(2.205336541579131e-13+0j),1.2494880444215066e-13,1.1117141205633413e-13,3.473245844639566e-14,1.2063436697306012e-27,(1.0236485887911929e-13+0j),bored
1.2129345551025676e-13,1.1652201148384976e-13,7.382623198416885e-14,5.450312528980316e-27,(2.307334584975728e-13+0j),1.2761324547896228e-13,1.185961563402884e-13,6.62562882005937e-14,4.389895726120132e-27,(1.782989800860904e-13+0j),1.16356721145939e-13,7.624172526550195e-14,7.959206436519585e-14,6.3348967099134785e-27,(1.3741123793114803e-13+0j),1.628728595077366e-13,1.6187230776357678e-13,4.222667925004227e-14,1.78309244048595e-27,(1.820962908092167e-13+0j),8.633112227848143e-14,8.624156074379977e-14,2.962933774087193e-14,8.778976549626578e-28,(1.1134364579091145e-13+0j),bored
3.926625171799071e-13,1.5567399588019797e-13,6.31926763476593e-13,3.9933143439800194e-25,(4.734801862404571e-13+0j),3.1448124594620916e-13,1.1934243277319424e-13,4.2225396519861446e-13,1.782984111259527e-25,(7.812041500249506e-13+0j),2.39350399528496e-13,1.1283241351372477e-13,2.832014746168434e-13,8.02030752251546e-26,(7.016218923216017e-13+0j),3.0437802297975315e-13,1.4777687186856978e-13,3.1320992522327524e-13,9.810045725836969e-26,(8.774988121377767e-13+0j),1.6959408184170126e-13,9.456469884329761e-14,1.6507115670195735e-13,2.7248486774922156e-26,(4.770163033154327e-13+0j),bored
1.9532864703103163e-13,1.3927625003492717e-13,1.5225270898624054e-13,2.3180887393648848e-26,(3.336707856166655e-14+0j),1.7821017432648637e-13,1.6166262484365346e-13,1.1081672423563521e-13,1.228034637031682e-26,(3.5227560873599204e-14+0j),1.7473209153669362e-13,1.1780056821819394e-13,1.0871572805039834e-13,1.1819109525528169e-26,(1.1780056821819394e-13+0j),3.074230744062889e-13,3.0997158582674776e-13,1.3990310485305423e-13,1.9572878747524688e-26,(2.543913518032612e-13+0j),2.788954121922068e-13,2.966547635538746e-13,7.761533214688606e-14,6.0241397842714445e-27,(1.5425246724524304e-13+0j),bored
1.3130735373994755e-13,9.251753852029938e-14,8.170375629678124e-14,6.67550379300382e-27,(2.124775633700209e-13+0j),1.404422503130248e-13,9.8217186889714e-14,1.0287215862808066e-13,1.0582681020800991e-26,(1.922699960756919e-13+0j),9.359770126027469e-14,1.0320671892309998e-13,4.087005154293749e-14,1.670361113122367e-27,(6.250688377980519e-14+0j),1.8216260994100295e-13,1.6918314602531617e-13,6.174691946562441e-14,3.812682063494307e-27,(1.471819498498716e-13+0j),1.8365446393515226e-13,1.6679862920779045e-13,6.22564001649899e-14,3.875859361503354e-27,(9.425636948619209e-14+0j),bored
3.192029545960724e-13,1.3818369065315906e-13,3.8672722162781e-13,1.4955794394796526e-25,(1.410530765529938e-12+0j),1.7106692324041822e-13,9.982810674825713e-14,1.658376469954064e-13,2.750212516097303e-26,(6.759359234829717e-13+0j),1.2594566276742138e-13,9.663257735120501e-14,8.239408467801663e-14,6.788785189928175e-27,(6.624128596199508e-14+0j),3.07414532982829e-13,2.503259745822965e-13,2.1004646840688444e-13,4.41195188902043e-26,(1.9724234714225297e-13+0j),4.326827028541355e-13,4.109447572044519e-13,1.8959959309199147e-13,3.5948005700648736e-26,(3.5494088737822336e-13+0j),bored
2.4500336884249624e-13,1.358200820842308e-13,2.7680894283586577e-13,7.662319083390961e-26,(1.4019559344162617e-13+0j),1.8649116759952944e-13,1.4946502971672494e-13,1.4902570957791723e-13,2.2208662115201734e-26,(1.3715922187777734e-13+0j),1.0044437347323545e-13,7.617286154217566e-14,5.825700589065718e-14,3.393878735344066e-27,(8.7662708216663e-14+0j),2.9134054979937216e-13,2.6439734206753245e-13,1.1203248667196746e-13,1.2551278069904565e-26,(1.8814856479663907e-13+0j),3.867090271293708e-13,3.5494088737822336e-13,1.205427110921163e-13,1.4530545197437415e-26,(2.9793490716952644e-13+0j),bored
9.744412409019721e-14,9.085416066846525e-14,2.5915914165165406e-14,6.716346070162209e-28,(4.835050422739027e-14+0j),1.2512084273563777e-13,1.0250290747132334e-13,6.671923477734364e-14,4.4514562892743004e-27,(5.158540004389087e-14+0j),1.248845908636298e-13,1.282619515875574e-13,6.938340143412837e-14,4.814056394569407e-27,(2.0812070105403957e-14+0j),3.445515645560581e-13,3.5034163071723675e-13,7.85599742444498e-14,6.171669553288616e-27,(3.0055441998105164e-13+0j),3.303647237084895e-13,3.548283773876808e-13,1.0607201720177412e-13,1.1251272833253464e-26,(2.9367356498298777e-13+0j),bored
1.4007331393571112e-13,6.368792557039036e-14,1.2216075918551919e-13,1.4923251084782412e-26,(1.5898847724953279e-13+0j),1.319943764052282e-13,9.336011967018859e-14,8.464667573578146e-14,7.165059713118532e-27,(1.9541523122241497e-13+0j),8.654762405180825e-14,9.877028369516566e-14,3.985861513779462e-14,1.5887092007028305e-27,(7.935391476817508e-14+0j),2.793046213780227e-13,3.08080537656866e-13,1.1666270958818443e-13,1.3610187808457057e-26,(1.492574929762823e-13+0j),2.6701419057790385e-13,2.8682587573493124e-13,1.208848740669799e-13,1.461315277818959e-26,(3.1678857713752875e-13+0j),bored
1.455587623412104e-13,5.898983976543263e-14,1.7158970388391424e-13,2.9443026478969377e-26,(4.566866511305796e-14+0j),1.0502223449977686e-13,9.189483350595401e-14,6.119221987832712e-14,3.7444877736375324e-27,(9.44580976973452e-14+0j),1.0222996879474937e-13,8.94194077035128e-14,4.13793221429142e-14,1.7122483010070692e-27,(6.688345245978915e-14+0j),3.5810330414689753e-13,3.935955150670992e-13,1.5577401117045393e-13,2.4265542556132707e-26,(3.0397992465775926e-13+0j),3.0501618268762523e-13,2.6265371479273364e-13,9.587406920649486e-14,9.191837146211766e-27,(4.954060407577403e-13+0j),bored
8.609095683917503e-14,6.814510736442801e-14,4.2747579994893275e-14,1.8273555954197998e-27,(8.259384685908202e-14+0j),6.486301786658278e-14,5.484765306668965e-14,3.152058836814358e-14,9.935474910739483e-28,(5.4973642159629846e-14+0j),7.097890705461132e-14,6.191108910129773e-14,3.2303222853586e-14,1.0434982067284408e-27,(5.802831209358525e-14+0j),1.7737153769337723e-13,1.5859779845933667e-13,5.819628157668377e-14,3.386807189352663e-27,(1.4272303356581312e-13+0j),3.18691268982473e-13,2.8247853088523434e-13,1.4368356778695572e-13,2.0644967651988702e-26,(1.6585708876500828e-13+0j),bored
7.811304742724468e-14,8.39175516436046e-14,2.873815975673769e-14,8.258818262037778e-28,(4.7891632723668084e-14+0j),1.0382429382882624e-13,8.995214265394228e-14,6.25565281967599e-14,3.913319220032017e-27,(8.378199580425967e-14+0j),1.0918976954829581e-13,6.854462855591225e-14,7.301105771431339e-14,5.3306145485628006e-27,(6.852080700079421e-14+0j),2.7897881607022745e-13,2.3303221835284197e-13,1.429121580974019e-13,2.0423884932056795e-26,(7.800348144868622e-14+0j),4.779543525069906e-13,4.085310962921317e-13,2.4125877936681204e-13,5.820579862156409e-26,(1.3636478983094874e-13+0j),bored
5.634599266836315e-14,4.7891632723668084e-14,2.0538903758360736e-14,4.218465675952047e-28,(1.1847039196002134e-13+0j),8.175034904537051e-14,8.836786147519535e-14,2.4378056581215182e-14,5.942896426769288e-28,(1.1453813379109174e-13+0j),1.0669710300863958e-13,9.275658269322842e-14,4.7229037131825127e-14,2.2305819483993167e-27,(1.578394434313382e-13+0j),1.9394508460463008e-13,2.0702401656755507e-13,9.425963947295035e-14,8.88487963357058e-27,(1.4538654382023593e-13+0j),3.385071253400378e-13,3.470191542071873e-13,8.694809497980037e-14,7.559971220616386e-27,(3.3639799169366753e-13+0j),bored
3.0013294428268047e-13,2.605654064346701e-13,1.2869474906259658e-13,1.6562338436284704e-26,(4.3024503947561656e-13+0j),1.7546692209906704e-13,2.0915488758789972e-13,5.3938989782950236e-14,2.9094146188052103e-27,(2.0969486147281648e-13+0j),1.0322093972138971e-13,8.137353823741033e-14,3.454377482275877e-14,1.1932723790054626e-27,(8.137353823741033e-14+0j),1.3343208079604277e-13,1.4675985899841478e-13,2.862923259021982e-14,8.196329587049047e-28,(7.858572542200926e-14+0j),2.349894880388984e-13,2.3639443335419637e-13,3.4704879029844873e-15,1.2044286284761665e-29,(2.2648864863219754e-13+0j),bored
